barcode,name,author,publisher,genre,quantity,price,reorder_threshold
,1 වසර  Collection No 01,0,0,Other,10,0,1
,1 වසර  Collection No 02,0,0,Other,10,0,1
,2 වසර  Collection No 03,0,0,Other,10,0,1
,2 වසර  Collection No 04,0,0,Other,10,0,1
,"3,4,5 වසර  Collection No 05",0,0,Other,10,0,1
,"3,4,5 වසර  Collection No 06",0,0,Other,10,0,1
,HAPPY CHAMPS GRADE 1,IBMC Publication,IBMC Publication,Other,2,0,1
,අකුරු ලිවීමෙි කුසලතා 1 වසර,IBMC Publication,IBMC Publication,Other,2,0,1
,අකුරු සොයා පාට කරමු,IBMC Publication,IBMC Publication,Other,1,0,1
,අකුරු හැඩ හා රටා,IBMC Publication,IBMC Publication,Other,2,0,1
,"කියවන්න ආසයි 1,2 වසර",IBMC Publication,IBMC Publication,Other,2,0,1
,ගණිත හපනා 1 වසර,IBMC Publication,IBMC Publication,Other,2,0,1
,ගණිත හපනා 2 වසර,IBMC Publication,IBMC Publication,Other,2,0,1
,ගණිත හපනා 3 වසර,IBMC Publication,IBMC Publication,Other,2,0,1
,ගණිත හපනා 4 වසර,IBMC Publication,IBMC Publication,Other,2,0,1
,පරිසරයයි පුංචි මමයි,IBMC Publication,IBMC Publication,Other,2,0,1
,පරිසරයයි පුංචි මමයි,IBMC Publication,IBMC Publication,Other,2,0,1
,බලා ලියන පොත,IBMC Publication,IBMC Publication,Other,2,0,1
,බලා ලියන පොත - 5 වසර,IBMC Publication,IBMC Publication,Other,2,0,1
,මුතු අකුරට පෙර අත් වැඩ,IBMC Publication,IBMC Publication,Other,2,0,1
,මුතු අකුරට පෙර ඉලක්කම්,IBMC Publication,IBMC Publication,Other,2,0,1
,මුතු අකුරට පෙර ඉලක්කම්,IBMC Publication,IBMC Publication,Other,2,0,1
,මුතු අකුරට පෙර ක්‍රියාකාරකම්,IBMC Publication,IBMC Publication,Other,2,0,1
,මුතු අකුරට පෙර ක්‍රියාකාරකම්,IBMC Publication,IBMC Publication,Other,2,0,1
,මුතු අකුරට පෙර කියවීම,IBMC Publication,IBMC Publication,Other,2,0,1
,මුතු අකුරට පෙර කියවීම,IBMC Publication,IBMC Publication,Other,2,0,1
,මුතු අකුරට පෙර ලිවීම,IBMC Publication,IBMC Publication,Other,2,0,1
,මුතු අකුරට පෙර හැඩතල සහ පාට,IBMC Publication,IBMC Publication,Other,2,0,1
,මුතු අකුරු,IBMC Publication,IBMC Publication,Other,2,0,1
,මුතු අකුරු 1 වසර,IBMC Publication,IBMC Publication,Other,2,0,1
,මුතු අකුරු 1 වසර,IBMC Publication,IBMC Publication,Other,2,0,1
,මුතු අකුරු 1 වසර,IBMC Publication,IBMC Publication,Other,1,0,1
,මුතු අකුරු 1 වසර,IBMC Publication,IBMC Publication,Other,2,0,1
,මුතු අකුරු 2 වසර,IBMC Publication,IBMC Publication,Other,2,0,1
,මුතු අකුරු 2 වසර,IBMC Publication,IBMC Publication,Other,2,0,1
,මුතු අකුරු 2 වසර,IBMC Publication,IBMC Publication,Other,2,0,1
,මුතු අකුරු 3 වසර,IBMC Publication,IBMC Publication,Other,2,0,1
,මුතු අකුරු 3 වසර,IBMC Publication,IBMC Publication,Other,2,0,1
,මුතු අකුරු 3 වසර,IBMC Publication,IBMC Publication,Other,2,0,1
,මුතු අකුරු 4 වසර,IBMC Publication,IBMC Publication,Other,2,0,1
,මුතු අකුරු 4 වසර,IBMC Publication,IBMC Publication,Other,2,0,1
,මුතු අකුරු 4 වසර,IBMC Publication,IBMC Publication,Other,2,0,1
,මුතු අකුරු 5 වසර,IBMC Publication,IBMC Publication,Other,2,0,1
,මුතු අකුරු 5 වසර,IBMC Publication,IBMC Publication,Other,2,0,1
,මුතු අකුරු සිසු පැවරුම්,IBMC Publication,IBMC Publication,Other,2,0,1
,මුතු අකුරු සිසු පැවරුම්,IBMC Publication,IBMC Publication,Other,2,0,1
,මුතු අකුරු සිසු පැවරුම්,IBMC Publication,IBMC Publication,Other,2,0,1
,මුතු අකුරු සිසු පැවරුම්,IBMC Publication,IBMC Publication,Other,2,0,1
,මුතු අකුරු සිසු පැවරුම්,IBMC Publication,IBMC Publication,Other,2,0,1
,මුතු අකුරු සිසු පැවරුම්,IBMC Publication,IBMC Publication,Other,2,0,1
,මුතු අකුරු සිසු පැවරුම්,IBMC Publication,IBMC Publication,Other,2,0,1
,මුතු අකුරු සිසු පැවරුම්,IBMC Publication,IBMC Publication,Other,2,0,1
,මුතු අකුරු සිසු පැවරුම්,IBMC Publication,IBMC Publication,Other,2,0,1
,මුතු අකුරු සිසු පැවරුම්,IBMC Publication,IBMC Publication,Other,2,0,1
,රූප බලා අකුරු කියමු,IBMC Publication,IBMC Publication,Other,1,0,1
,රූප බලා අකුරු කියමු 2 වසර,IBMC Publication,IBMC Publication,Other,2,0,1
,සරල වැකි,IBMC Publication,IBMC Publication,Other,2,0,1
9786246743185,The Last Mission,අංජන දුශ්මන්ත,bookrack publication,Novel,1,0,1
9786246725099,කාශ්‍යප,අංජන දුශ්මන්ත,කර්තෘ ප්‍රකාශනයකි,Novel,1,0,1
9786245671953,රෙඩ් වොරන්ට්,අංජන දුශ්‍යන්ත,අහස් Publication,Novel,1,0,1
,විවර්ත මාරුත,අකිල ශාවින්ද දිසානායක,මියුසස් ප්‍රකාශන,Novel,0,0,1
9786245671410,කින්නර පෙම් සිහිනේ,අන්කිත් අක්ෂර,අහස් Publication,Novel,1,0,1
S,සුළං කපොල්ලේ,අන්කිත් අක්ෂර,අහස් Publication,Novel,1,0,1
9786245558605,අසම්පුර්ණ කතාවක්,අපූර්වා මන්දාරමී,නොහඳුනන්නි,Novel,2,0,1
9786246596200,කඨෝර,අපූර්වා මන්දාරමී,නොහඳුනන්නි,Novel,2,0,1
9786245558582,කඩවර,අපූර්වා මන්දාරමී,නොහඳුනන්නි,Novel,0,0,1
9786245558742,කම්බිලි,අපූර්වා මන්දාරමී,නොහඳුනන්නි,Novel,2,0,1
9786245558452,තාවතින්සා,අපූර්වා මන්දාරමී,නොහඳුනන්නි,Novel,1,0,1
9786246596378,රෙද්දේ තුත්තිරි,අපූර්වා මන්දාරමී,නොහඳුනන්නි,Short Stories,2,0,1
9786249569843,ඒත් මං ආදරෙයි,අබ්දුල් උමර් සහන් නෙත්මිණ,රස කථා ප්‍රකාශන,Other,0,0,1
9786246417062,බයෝ කරපු ඒලෙවල්,අබ්දුල් උමර් සහන් නෙත්මිණ,රස කථා ප්‍රකාශන,Other,0,0,1
9786246417093,වෙල්වට් ප්‍රේමය,අභිශේකා විමලවීර,රස කථා ප්‍රකාශන,Other,0,0,1
9786246103002,සත් සියක් සුසුම්,අයේෂා ඩී නන්දසේන,වර්ණ ග්‍රැෆික් සහ ප්‍රකාශන,Novel,0,0,1
9786246103132,සඳ මට නුඹය,අයේෂා ඩී නන්දසේන,වර්ණ ග්‍රැෆික් සහ ප්‍රකාශන,Novel,0,0,1
9786245673193,දිය මත ඉරි,අරලියා පෙරේරා,සිතුවිලි Publication,Novel,2,0,1
9789557878185,නිදුක්ඛා,අරලියා පෙරේරා,කර්තෘ ප්‍රකාශනයකි,Novel,0,0,1
9786246266660,මල්වර හිතක්,අරලියා පෙරේරා,Storyflix,Novel,43,0,1
9786249448100,මහාමේරු,අරලියා පෙරේරා,කර්තෘ ප්‍රකාශනයකි,Novel,2,0,1
9786245577187,රූකඩ සහ වෙස් මුහුණු,අරලියා පෙරේරා,reading planet,Novel,1,0,1
9786246590000,කන්ථකට ලියුමක්,අශාන් රවිශාද්,කර්තෘ ප්‍රකාශනයකි,Other,1,0,1
9786249874909,මතක බණ,අශාන් රවිශාද්,කර්තෘ ප්‍රකාශනයකි,Other,1,0,1
9786245558117,අහසක් තරම්,අසෙනි වර්ෂා,නොහඳුනන්නි,Novel,1,0,1
9786246596217,ඉරුණු පිටු,අසෙනි වර්ෂා,නොහඳුනන්නි,Novel,0,0,1
9786245677016,කවිය නුඹ,අසෙනි වර්ෂා,ගීමා ප්‍රකාශන,Novel,0,0,1
9786245558650,කහ පාට මල්,අසෙනි වර්ෂා,නොහඳුනන්නි,Novel,0,0,1
9786245671434,ගිමත් කල මල්,අසෙනි වර්ෂා,අහස් Publication,Novel,1,0,1
9786245671755,තරු,අසෙනි වර්ෂා,අහස් Publication,Novel,2,0,1
9786246808006,තාමත්,අසෙනි වර්ෂා,අහස් Publication,Novel,0,0,1
9786245671373,නුබ නමින්,අසෙනි වර්ෂා,අහස් Publication,Novel,0,0,1
9786245558285,නුඹ ආයෙමත් ඇවිදින්,අසෙනි වර්ෂා,නොහඳුනන්නි,Novel,3,0,1
9786245558933,නුඹ හින්දා,අසෙනි වර්ෂා,නොහඳුනන්නි,Novel,0,0,1
9786246596101,නෝලා,අසෙනි වර්ෂා,නොහඳුනන්නි,Novel,0,0,1
9786249491106,මීදුම් සලු,අසෙනි වර්ෂා,කර්තෘ ප්‍රකාශනයකි,Novel,0,0,1
9786245558049,රන් මුදු,අසෙනි වර්ෂා,නොහඳුනන්නි,Novel,1,0,1
9786245558414,රහසින් වගේ,අසෙනි වර්ෂා,නොහඳුනන්නි,Novel,1,0,1
9786246596026,වසන්තය පවරමි,අසෙනි වර්ෂා,නොහඳුනන්නි,Novel,1,0,1
9786245671168,සද දෙව් දූ,අසෙනි වර්ෂා,අහස් Publication,Novel,1,0,1
9786245671571,සඳසාවී,අසෙනි වර්ෂා,අහස් Publication,Novel,1,0,1
9789553129369,පරිසමාප්ති,අසෝකා එම් හේරත්,සරසවි ප්‍රකාශකයෝ,Novel,1,0,1
9786245560035,සෞඛ්‍යමත් ජීවිතයකට පෝෂණය,ආචාර්ය ආනන්ද චන්ද්‍රසේකර,කර්තෘ ප්‍රකාශනයකි,Other,1,0,1
9786249793651,වැහි පිරිත,ආශි ජයතිලක,කර්තෘ ප්‍රකාශනයකි,Novel,1,0,1
9786249493001,සංතුලන,ආශිර්නා ඒකනායක,කර්තෘ ප්‍රකාශනයකි,Novel,1,0,1
9786245784233,ඍතු,ආශ්‍යා අභයදාස,දෙව්මිණි Publication,Novel,0,0,1
9786245784325,දේවතා,ආශ්‍යා අභයදාස,දෙව්මිණි Publication,Novel,0,0,1
9786245671557,නෘත්‍යාංගනා,ආශ්‍යා අභයදාස,අහස් Publication,Novel,1,0,1
9786245671830,සඳ අහිමි සඳ,ආශ්‍යා අභයදාස,අහස් Publication,Novel,0,0,1
9786245579679,නෝටි 40,ආසිරි මුණසිංහ,මියුසස් ප්‍රකාශන,Novel,0,0,1
9786246596101,ආග්‍රා වලව්ව,ඇලානා මදුරාගොඩ,නොහඳුනන්නි,Novel,0,0,1
9786246596170,තරු ඇස්,ඇලානා මදුරාගොඩ,නොහඳුනන්නි,Novel,1,0,1
9786245558940,දැවෙන හිත්,ඇලානා මදුරාගොඩ,නොහඳුනන්නි,Novel,2,0,1
9786246596262,රුද්‍රායු,ඇලානා මදුරාගොඩ,නොහඳුනන්නි,Novel,1,0,1
9786245579969,හිතේ කෙටූ ටැටූ,ඉන්දික ගුණවර්ධන,මියුසස් ප්‍රකාශන,Other,2,0,1
9786246749064,සිහින අධ්‍යක්ශනය,ඉන්දීවරී,ග්‍රන්ථ ප්‍රකාශන,Other,1,0,1
9786245584239,අනගි සිලිලාර,ඉමේෂා මාධවී මල්ලවආරච්චි,සදමාධවී ප්‍රකාශකයෝ,Novel,1,0,1
9786245584314,ඉරු කවිවර,ඉමේෂා මාධවී මල්ලවආරච්චි,සදමාධවී ප්‍රකාශකයෝ,Novel,2,0,1
9786245584185,උඩුදුම්බර උත්පලාවී,ඉමේෂා මාධවී මල්ලවආරච්චි,සදමාධවී ප්‍රකාශකයෝ,Novel,1,0,1
9786245584000,තුරු සරසි,ඉමේෂා මාධවී මල්ලවආරච්චි,සදමාධවී ප්‍රකාශකයෝ,Novel,1,0,1
9786245584253,දූලි වලාකුලු,ඉමේෂා මාධවී මල්ලවආරච්චි,සදමාධවී ප්‍රකාශකයෝ,Novel,0,0,1
9786245584406,දෙවෙනි උණ්ඩය,ඉමේෂා මාධවී මල්ලවආරච්චි,සදමාධවී ප්‍රකාශකයෝ,Novel,2,0,1
9786245584116,නුවී නුගාරා,ඉමේෂා මාධවී මල්ලවආරච්චි,සදමාධවී ප්‍රකාශකයෝ,Novel,1,0,1
9786245584192,පමා වී පිපුණු මල්,ඉමේෂා මාධවී මල්ලවආරච්චි,සදමාධවී ප්‍රකාශකයෝ,Novel,1,0,1
9786245584222,මෙහෙන්දි,ඉමේෂා මාධවී මල්ලවආරච්චි,සදමාධවී ප්‍රකාශකයෝ,Novel,0,0,1
9786245584369,රන්දුනු දහරා,ඉමේෂා මාධවී මල්ලවආරච්චි,සදමාධවී ප්‍රකාශකයෝ,Novel,0,0,1
9786245584437,රුවනාරා,ඉමේෂා මාධවී මල්ලවආරච්චි,සදමාධවී ප්‍රකාශකයෝ,Novel,3,0,1
9786245584280,වජ්‍ර කස්තුරි,ඉමේෂා මාධවී මල්ලවආරච්චි,සදමාධවී ප්‍රකාශකයෝ,Novel,0,0,1
9786245584376,විසුළ මන්දාකිනි,ඉමේෂා මාධවී මල්ලවආරච්චි,සදමාධවී ප්‍රකාශකයෝ,Novel,0,0,1
9786245584307,ශ්වේත මුතු හංසනී,ඉමේෂා මාධවී මල්ලවආරච්චි,සදමාධවී ප්‍රකාශකයෝ,Novel,1,0,1
9786245584352,සදරුනෙත්,ඉමේෂා මාධවී මල්ලවආරච්චි,සදමාධවී ප්‍රකාශකයෝ,Novel,3,0,1
9786245584468,සඳ සඳයුරු,ඉමේෂා මාධවී මල්ලවආරච්චි,සදමාධවී ප්‍රකාශකයෝ,Novel,2,0,1
9786245584291,සෙනුදි,ඉමේෂා මාධවී මල්ලවආරච්චි,සදමාධවී ප්‍රකාශකයෝ,Novel,3,0,1
9789553727664,1925,ඉමේෂ් මධුශංක යාපා,මියුසස් ප්‍රකාශන,Novel,2,0,1
9786245579549,1932,ඉමේෂ් මධුශංක යාපා,මියුසස් ප්‍රකාශන,Novel,0,0,1
9786245579099,අසහාරා,ඉමේෂ් මධුශංක යාපා,මියුසස් ප්‍රකාශන,Novel,0,0,1
9786245579105,ඒදන් උයනේ අල්තාරය,ඉමේෂ් මධුශංක යාපා,මියුසස් ප්‍රකාශන,Translation/Adoption,2,0,1
9786246296803,සිංදුමතියි බිංදුමතියි,ඉෂාරා තරංගනී අමරසිංහ,කඩුල්ල ප්‍රකාශන,Other,1,0,1
9786246596354,ප්‍රාණාන්තර,ඉෂිණි විජේසිංහ,නොහඳුනන්නි,Novel,1,0,1
9786246103149,සඳ නිදි නෑ,ඉසුරි දහරා ද සිල්වා,වර්ණ ග්‍රැෆික් සහ ප්‍රකාශන,Novel,0,0,1
9786245572816,ශෘංගාර දනව්වේ උමා ශාක්‍යා,ඉසුරු අංජුල පෙරේරා,ග්‍රන්ථ ප්‍රකාශන,Novel,2,0,1
9786245572847,කළු,ඉසුරු උමයංග හිදැල්ලආරච්චි,ග්‍රන්ථ ප්‍රකාශන,Novel,2,0,1
9786245572724,බිම්පුර ආදරය,ඉසුරු උමයංග හිදැල්ලආරච්චි,ග්‍රන්ථ ප්‍රකාශන,Translation/Adoption,3,0,1
9786246749118,සඳහස,ඉසුරු උමයංග හිදැල්ලආරච්චි,ග්‍රන්ථ ප්‍රකාශන,Novel,3,0,1
9786245663729,අග්ගිසීඛා,උදතාරි මීපේගම,bookrack publication,Novel,0,0,1
9786249819405,යශෝධාර්,උදාරි ප්‍රේමරත්න,කර්තෘ ප්‍රකාශනයකි,Novel,1,0,1
9786245579808,යකාගේ ඉස්කෝලේ,උදේනි ගලහිටියාව,මියුසස් ප්‍රකාශන,Novel,1,0,1
9789550929672,ප්‍රේම මාරුත,උදේශිකා වික්‍රමආරච්චි,ගයා ක්‍රියේශන්,Novel,0,0,1
9789550929641,රාස්සිගේ හෝරාව,උදේශිකා වික්‍රමආරච්චි,ගයා ක්‍රියේශන්,Novel,2,0,1
9786246679156,ඝරසරප,උදේශිකා වික්‍රමාරච්චි,Storyflix,Novel,30,0,1
9786246478001,පාර කියන තාරකා,උදේශිකා වික්‍රමාරච්චි,Athenaeum Publication,Novel,3,0,1
9789553727015,හෙළැණිය,උපාලි කන්නන්ගර,මියුසස් ප්‍රකාශන,Translation/Adoption,1,0,1
9789556813364,NO STOPPING OR TURNING BACK,උපුල් ශාන්ත සන්නස්ගල,Two17,Novel,0,0,1
9786245572632,අපේ ආදර කතාව,උපුල් ශාන්ත සන්නස්ගල,ග්‍රන්ථ ප්‍රකාශන,Novel,2,0,1
9786245572694,ආදරේ තරම් ම යසෝදරා,උපුල් ශාන්ත සන්නස්ගල,ග්‍රන්ථ ප්‍රකාශන,Novel,3,0,1
9786245572496,කොළපාට ඇස්,උපුල් ශාන්ත සන්නස්ගල,ග්‍රන්ථ ප්‍රකාශන,Novel,0,0,1
9786245572670,පිරිමි ගොඩයි මං විතරයි,උපුල් ශාන්ත සන්නස්ගල,ග්‍රන්ථ ප්‍රකාශන,Novel,1,0,1
9786245572540,මගේ කුලුදුල් පෙම්වතී,උපුල් ශාන්ත සන්නස්ගල,ග්‍රන්ථ ප්‍රකාශන,Novel,2,0,1
9786245572649,ලලනායනය,උපුල් ශාන්ත සන්නස්ගල,ග්‍රන්ථ ප්‍රකාශන,Novel,1,0,1
9786245572687,වසන්තය එනවා සත්තයි,උපුල් ශාන්ත සන්නස්ගල,ග්‍රන්ථ ප්‍රකාශන,Novel,3,0,1
9786245572519,වස්සාන සිහිනය,උපුල් ශාන්ත සන්නස්ගල,ග්‍රන්ථ ප්‍රකාශන,Novel,0,0,1
9786245572557,සරසවි දියණියෝ,උපුල් ශාන්ත සන්නස්ගල,ග්‍රන්ථ ප්‍රකාශන,Novel,1,0,1
9786246523015,සැඟවුණු සෙවණැල්ල,උපේක්ෂන අනුහස්,මතක,Novel,1,0,1
9786245579648,බල මුදුවේ මිතුරු හවුල,උපේඛා රාජපක්ෂ,මියුසස් ප්‍රකාශන,Translation/Adoption,1,0,1
9786245579655,මිතුරු හවුලේ විසිර යාම,උපේඛා රාජපක්ෂ,මියුසස් ප්‍රකාශන,Translation/Adoption,1,0,1
9786246591106,අක් වැහි අද්දර,උමේශිකා සෙව්වන්දි,නොහඳුනන්නි,Novel,1,0,1
9786245925094,පන්තක,එඩ්වඩ් මල්ලවආරච්චි,කර්තෘ ප්‍රකාශනයකි,Novel,1,0,1
9786246266288,ආදරයම විතරක්,ඕෂධී ජයසිංහ,Storyflix,Novel,24,0,1
9786246679217,ඇනොනිමස්,ඕෂධී ජයසිංහ,Storyflix,Novel,41,0,1
9789556673296,ඉසිවර ප්‍රේමය,ඕෂධී ජයසිංහ,පහන් ප්‍රකාශන,Novel,1,0,1
9786246266011,එක අහසක් තරු දහසක්,ඕෂධී ජයසිංහ,Storyflix,Novel,59,0,1
9786245834013,ඔබ මට තරුවකි,ඕෂධී ජයසිංහ,පහන් ප්‍රකාශන,Novel,0,0,1
9786246679118,දෑතින් බැඳී,ඕෂධී ජයසිංහ,Storyflix,Novel,34,0,1
9789556674253,නිල් අහස ඔබයි,ඕෂධී ජයසිංහ,පහන් ප්‍රකාශන,Novel,0,0,1
9786246266882,රපුන්සල්,ඕෂධී ජයසිංහ,Storyflix,Novel,15,0,1
9786246266677,රළ මත රහසක්,ඕෂධී ජයසිංහ,Storyflix,Novel,39,0,1
9786246679019,රෞඩි රාතෝර්,ඕෂධී ජයසිංහ,Storyflix,Novel,42,0,1
9789557339153,සිතින් නොසැලෙමි,ඕෂධී ජයසිංහ,සිතැගි,Novel,0,0,1
9786249797918,සිද්,ඕෂධී ජයසිංහ,කර්තෘ ප්‍රකාශනයකි,Novel,0,0,1
9789556673241,සුරංගනාවී මගේ,ඕෂධී ජයසිංහ,පහන් ප්‍රකාශන,Novel,4,0,1
9786246266028,සුලගට පවසමි,ඕෂධී ජයසිංහ,Storyflix,Novel,84,0,1
9786245834211,සර්වකාල,ඕෂධී ජයසිංහ,පහන් ප්‍රකාශන,Novel,1,0,1
9786245841134,අරියාද්නේ,කල්පනා ඇම්බ්‍රෝස්,සිලිකා ප්‍රකාශන,Other,1,0,1
9786246266417,සඳ දකින සඳ,කල්පනී කවිරාජ,Storyflix,Novel,17,0,1
9786245671311,Caffeine Dreams,කවින්ද්‍යා රත්නායක,අහස් Publication,Novel,1,0,1
9786245671533,අභිපාරි,කවින්ද්‍යා රත්නායක,අහස් Publication,Novel,2,0,1
9786245671854,නොකියූ,කවින්ද්‍යා රත්නායක,අහස් Publication,Novel,2,0,1
9786245671137,ප්‍රංශ හාදු,කවින්ද්‍යා රත්නායක,අහස් Publication,Novel,1,0,1
9786245671793,විඳින විඳවන මතක,කවින්ද්‍යා රත්නායක,අහස් Publication,Novel,2,0,1
9786245671380,ශෘංගාරී,කවින්ද්‍යා රත්නායක,අහස් Publication,Novel,2,0,1
9786245671595,සලබ,කවින්ද්‍යා රත්නායක,අහස් Publication,Novel,2,0,1
9786245579068,මේඩ්න්ස්,කවීශ නදුන් කග්ගොඩආරච්චි,මියුසස් ප්‍රකාශන,Translation/Adoption,1,0,1
9786246223304,අපරාධ රාජ්‍යක්,කසුන් පුස්සෙවෙල,සයුර Publication,Other,0,0,1
9786246417116,කාල රේඛාව,කාංචනා අමිලානි,රස කථා ප්‍රකාශන,Other,1,0,1
9786246679194,ස්ලෝ මෝශන් පැය,කාංචනා අමිලානි,Storyflix,Other,38,0,1
9786249644205,අකීකරු පෙම් කථාවක්,කාංචනා අලහප්පෙරුම,සරස්වී,Novel,1,0,1
9786245841301,අව්‍යානා,කාංචනා අලහප්පෙරුම,සිලිකා ප්‍රකාශන,Novel,0,0,1
9786249644274,ආක්‍මණ,කාංචනා අලහප්පෙරුම,සරස්වී,Novel,0,0,1
9781234567897,යශෝරාවි,කාංචනා අලහප්පෙරුම,කර්තෘ ප්‍රකාශනයකි,Novel,2,0,1
9786245558322,ස්වර්ණ මායා,කාංචනා අලහප්පෙරුම,නොහඳුනන්නි,Novel,1,0,1
9786245671977,මොඩ්ල්,කාංචනා කුඹුරේගෙදර,අහස් Publication,Novel,2,0,1
9786245671823,වියරු,කාංචනා කුඹුරේගෙදර,අහස් Publication,Novel,2,0,1
9786246417048,ලැවැන්ඩර්,කාංචනා පියුමාලි,රස කථා ප්‍රකාශන,Novel,0,0,1
9786246585099,දෙවර,කාවින්ද්‍යා හේමචන්ද්‍ර,ආශිර්වාද ප්‍රකාශකයෝ,Novel,3,0,1
9789557587103,විශිෂ්ට පියවර,කැලුම් වැලිගම,විශිෂ්ඨ ප්‍රකාශකයෝ,Novel,0,0,1
9789553128904,උත්පත්ති,කීර්ති වැලිසරගේ,සරසවි ප්‍රකාශකයෝ,Novel,1,0,1
9789553727190,හඬ නිහඬ,කුමාර සිරිවර්ධන,මියුසස් ප්‍රකාශන,Translation/Adoption,2,0,1
9786246596439,රෝස පෙති,කේලි ආරාධ්‍යා,නොහඳුනන්නි,Novel,2,0,1
9786245572892,පොසිටිව්,කේෂාන් හරේශු,ග්‍රන්ථ ප්‍රකාශන,Novel,2,0,1
9786246223199,Vintage Eyes,ගංගා ෂයිනි ගමගේ,සයුර Publication,Novel,0,0,1
9786246223236,අසම සම,ගංගා ෂයිනි ගමගේ,සයුර Publication,Novel,1,0,1
9789559776062,ආකාස මෝස්තර,ගංගා ෂයිනි ගමගේ,Moonlight Publication,Novel,2,0,1
9786246223151,කන්දක් කතාකරයි,ගංගා ෂයිනි ගමගේ,සයුර Publication,Novel,2,0,1
9789559776055,තරු ඇහැරි ගංගාදරේ,ගංගා ෂයිනි ගමගේ,Moonlight Publication,Novel,0,0,1
9789554788671,තාත්තා,ගංගා ෂයිනි ගමගේ,සයුර Publication,Novel,3,0,1
9789559776024,නිබ්බුත ගීත,ගංගා ෂයිනි ගමගේ,Moonlight Publication,Novel,0,0,1
9789559776048,නිම් නැති නිම්නය,ගංගා ෂයිනි ගමගේ,Moonlight Publication,Novel,0,0,1
9786246223113,ප්‍රේම ගාථා,ගංගා ෂයිනි ගමගේ,සයුර Publication,Novel,0,0,1
9789559776086,මල් බිඟුන්,ගංගා ෂයිනි ගමගේ,Moonlight Publication,Novel,3,0,1
9786246223281,මල්වර මල්සර,ගංගා ෂයිනි ගමගේ,සයුර Publication,Novel,3,0,1
9786246223229,මීදුම් දුමාරේ,ගංගා ෂයිනි ගමගේ,සයුර Publication,Novel,0,0,1
9786246223274,මුතුබෙලි හදවත,ගංගා ෂයිනි ගමගේ,සයුර Publication,Novel,3,0,1
9789559776093,ශරදාකාසේ,ගංගා ෂයිනි ගමගේ,Moonlight Publication,Novel,2,0,1
9789559776079,සතුටු මන්තර,ගංගා ෂයිනි ගමගේ,Moonlight Publication,Novel,2,0,1
9789559776031,සීතල මාරුත,ගංගා ෂයිනි ගමගේ,Moonlight Publication,Novel,0,0,1
9786246223267,සුසුවඳ සූත්‍ර,ගංගා ෂයිනි ගමගේ,සයුර Publication,Novel,3,0,1
9786246223144,හේමන්ත සන්ධ්‍යා,ගංගා ෂයිනි ගමගේ,සයුර Publication,Novel,2,0,1
9789550929610,එදා සෙනෙහෙන් නොබැදුණානම්,ගයනා එස් ලක්මාලි,ගයා ක්‍රියේශන්,Novel,1,0,1
9789550929665,මාරාවේශ,ගයනා එස් ලක්මාලි,ගයා ක්‍රියේශන්,Novel,0,0,1
9786249304505,අග්නි දෑසක්,ගාවේද් රඛිත රාජපක්ෂ,කර්තෘ ප්‍රකාශනයකි,Novel,1,0,1
9786245677085,අනන්තරා,ගිම්හානි වාසනා,ගීමා ප්‍රකාශන,Novel,1,0,1
9786245677092,අන්ධකාරයේ ඉන්ද්‍රජාලිකයා,ගිම්හානි වාසනා,ගීමා ප්‍රකාශන,Novel,1,0,1
9786245638710,මිසර අප්සරා,ගිම්හානි වාසනා,සූරිය ප්‍රකාශකයෝ,Novel,1,0,1
9786249485402,ගගනතලය,ගීතාංජලී හෙට්ටිආරච්චි,කර්තෘ ප්‍රකාශනයකි,Novel,1,0,1
9786249485419,ගගනයාත්‍රා,ගීතාංජලී හෙට්ටිආරච්චි,කර්තෘ ප්‍රකාශනයකි,Novel,1,0,1
9786245671816,පුංචි කුමාරිහාමි,චතුමිණි දිසානායක,අහස් Publication,Novel,1,0,1
9786249468702,forget me not මල් කිණිත්තක පුරාවෘතය,චතුරි දමයන්ති,කර්තෘ ප්‍රකාශනයකි,Novel,3,0,1
9786245546732,ඇහැල මලට දම් පාටක්,චතුරි දමයන්ති,විදර්ෂන ප්‍රකාශන,Novel,1,0,1
9786245579761,දෘෂ්ටිමානයට ඔබ්බෙන්,චන්දන ගුණසේකර,මියුසස් ප්‍රකාශන,Translation/Adoption,1,0,1
9786245572618,පප්ඵටක,චන්දික අබේවික්‍රම,ග්‍රන්ථ ප්‍රකාශන,Novel,1,0,1
9786245572359,යක්ඛරාජ,චන්දික අබේවික්‍රම,ග්‍රන්ථ ප්‍රකාශන,Novel,1,0,1
9786245572953,සිකුරාජධි,චන්දික අබේවික්‍රම,ග්‍රන්ථ ප්‍රකාශන,Novel,1,0,1
9786242041117,කාලිංග ලංකේෂ්වර හෙවත් කීර්ති ශ්‍රී නිශ්ශංකමල්ල,චන්ද්‍රසිරි පල්ලියගුරු,සුරස පොත්,Novel,1,0,1
9786249356405,නූතන බිම්බාවෝ,චමරි පී සේනාරත්න,කර්තෘ ප්‍රකාශනයකි,Novel,4,0,1
9786245579037,මරණයේ රංගනය,"චමිල මුණසිංහ, සංඛ මුණසිංහ",මියුසස් ප්‍රකාශන,Novel,1,0,1
9786245673209,කවුරුන්ද මා ඔබේ,චමී තියඹරාහේනේ ගෙදර,සිතුවිලි Publication,Novel,1,0,1
9786245649112,කියන්නෙපා අහන් ඉන්න,චමී තියඹරාහේනේ ගෙදර,කර්තෘ ප්‍රකාශනයකි,Novel,1,0,1
9786245649068,කුරුළු කිරුළු,චමී තියඹරාහේනේ ගෙදර,කර්තෘ ප්‍රකාශනයකි,Novel,3,0,1
9786245671502,අමතක මතක,චලනි වීරසිංහ,අහස් Publication,Novel,0,0,1
9786245671717,අවර්ණ,චලනි වීරසිංහ,අහස් Publication,Novel,1,0,1
9786246266486,රිදුම් අතැර,චලනි වීරසිංහ,Storyflix,Novel,10,0,1
9786246417017,කටු පඳුර සිපගතිමි,චිත්‍රාංගනී වි‍ජේවීර,රස කථා ප්‍රකාශන,Other,1,0,1
9786246417055,Faculty of Sex - Love,චින්තන ධර්මදාස,රස කථා ප්‍රකාශන,Novel,1,0,1
9786246417031,Guilt - Faculty of Sex,චින්තන ධර්මදාස,රස කථා ප්‍රකාශන,Novel,1,0,1
9786246417024,Sex - Faculty of Sex,චින්තන ධර්මදාස,රස කථා ප්‍රකාශන,Novel,1,0,1
9786245558964,තිත් යට කොමා,චින්තනි අමරසිංහ,නොහඳුනන්නි,Novel,2,0,1
9786245558490,නිල් මල් පිපුණු පපුවක්,චින්තනි අමරසිංහ,නොහඳුනන්නි,Novel,1,0,1
9786246585082,මිමෝසා ඇවනිව්,චින්තනි අමරසිංහ,ආශිර්වාද ප්‍රකාශකයෝ,Novel,1,0,1
9786245558544,රතු පාට පොරොන්දු,චින්තනි අමරසිංහ,නොහඳුනන්නි,Novel,2,0,1
9786245673179,නොපිරූ පාරමිතාව පුරා,චිරංජි රණතුංග,සිතුවිලි Publication,Novel,2,0,1
9786245673308,සත් මහලින් බැස එන්නම්,චිරංජි රණතුංග,සිතුවිලි Publication,Novel,1,0,1
9786242041162,ප්‍රේම සුත්‍ර,චුලාභය ශාන්ත කුමාර හේරත්,සුරස පොත්,Novel,1,0,1
9786245671960,once again,චේතනා ද සිල්වා,අහස් Publication,Novel,4,0,1
9786245671519,අග්නි,චේතනා ද සිල්වා,අහස් Publication,Novel,2,0,1
9786245671045,අනුරාවි,චේතනා ද සිල්වා,අහස් Publication,Novel,1,0,1
9786245671076,අහස්,චේතනා ද සිල්වා,අහස් Publication,Novel,1,0,1
9786245671083,අහස් මේඝය,චේතනා ද සිල්වා,අහස් Publication,Novel,1,0,1
9786245671465,පිණි යහන්,චේතනා ද සිල්වා,අහස් Publication,Novel,1,0,1
9786245671069,යාරා,චේතනා ද සිල්වා,අහස් Publication,Novel,1,0,1
9786245671786,රෙඩ් වයින්,චේතනා ද සිල්වා,අහස් Publication,Novel,2,0,1
9786245671328,වස්සානේ ගීතය,චේතනා ද සිල්වා,අහස් Publication,Novel,1,0,1
9786245671335,ස්වර වරුසා,චේතනා ද සිල්වා,අහස් Publication,Novel,2,0,1
9786245671182,සීතල පෙම,චේතනා ද සිල්වා,අහස් Publication,Novel,2,0,1
9786245671427,සුලග,චේතනා ද සිල්වා,අහස් Publication,Novel,1,0,1
9786245671069,සුසුම්,චේතනා ද සිල්වා,අහස් Publication,Novel,0,0,1
9786245671649,සේයාවී,චේතනා ද සිල්වා,අහස් Publication,Novel,1,0,1
9786246679026,සද ඇබින්දක් ආදරේ,චේතනා පරනවිතාන,Storyflix,Novel,44,0,1
9789553471024,ඉත්තිපුරයේ රාවණ,ජයරත්න ඉහලකොඩිප්පිලි,Sandriesoft Publishers,Novel,1,0,1
9786246749156,නිකිණි සඳ අවන්හල,ජිනිඳු පද්ම ශ්‍රී බණ්ඩාර,ග්‍රන්ථ ප්‍රකාශන,Novel,3,0,1
9786246039073,Nude,ජිවන පහන් තිළිණ,බිසෝ ප්‍රකාශන,Novel,2,0,1
9786246266653,රටඹෑකන්ද,ජිවන පහන් තිළිණ,Storyflix,Novel,15,0,1
9786246327095,ස්වෛරී,ටිෂාන් පණිදු විදානේ,කර්තෘ ප්‍රකාශනයකි,Novel,1,0,1
9786245584444,නීල දෑසේ වෙලී,ඩයනා වීදාගම,සදමාධවී ප්‍රකාශකයෝ,Novel,0,0,1
9786246749057,මව්වත් හදවත්,ඩිල්ශානි චතුරිකා දාබරේ,ග්‍රන්ථ ප්‍රකාශන,Novel,0,0,1
9786245671946,මිෂන් සාරා,තක්ෂිලා පැතුම්,අහස් Publication,Novel,1,0,1
9789556759938,ලෙමන් ඇන්ඩ් ෆැශන්,තක්ෂිලා පැතුම්,අහස් Publication,Novel,0,0,1
9786246223243,තාත්තගේ දුව,තනුජා ලුම්බිණි තඹවිට,සයුර Publication,Novel,3,0,1
9786246223250,බෝඩිං කතා,තනුජා ලුම්බිණි තඹවිට,සයුර Publication,Novel,3,0,1
9786246679224,අවාරයේ පිපිණු මල්,තනුෂිකා විතානගේ,Storyflix,Novel,42,0,1
9786246266042,කටු තුඩු මත,තනුෂිකා විතානගේ,Storyflix,Novel,23,0,1
9786246266004,ගිම්හානය අග,තනුෂිකා විතානගේ,Storyflix,Novel,43,0,1
9786245572281,දහසක් තරු මැද,තනුෂිකා විතානගේ,ග්‍රන්ථ ප්‍රකාශන,Novel,4,0,1
9786246266714,පිණි වැස්සක්,තනුෂිකා විතානගේ,Storyflix,Novel,44,0,1
9784145768217,වසත් සඳ,තනුෂිකා විතානගේ,තාරා ප්‍රකාශකයෝ,Novel,0,0,1
9786246266851,හන්තාන සුසුම්,තනුෂිකා විතානගේ,Storyflix,Novel,15,0,1
9786245768387,ආකාස ආරෝව,තරංගා දිසානායක,0,Novel,1,0,1
,කඳුළු කුණාටුව,තරංගා දිසානායක,තාරා ප්‍රකාශකයෝ,Novel,1,0,1
9789557829753,දේවස්මිකා,තරංගා දිසානායක,තාරා ප්‍රකාශකයෝ,Novel,1,0,1
9786249251601,චෙම්මනි,තරිඳු ජයවර්ධන,ග්‍රන්ථ ප්‍රකාශන,Other,2,0,1
9786249251618,දේශබන්දු,තරිඳු ජයවර්ධන,කර්තෘ ප්‍රකාශනයකි,Other,3,0,1
9786245572762,ඇල්බට්වරුද මනුෂ්‍යයෝය,තරිඳු ශ්‍රී ලොකුගමගේ,ග්‍රන්ථ ප්‍රකාශන,Novel,2,0,1
9786245572939,"චමින්දයට හෙණ ගහලා නෙමේ, චමින්දයා තමයි හෙණේ",තරිඳු ශ්‍රී ලොකුගමගේ,ග්‍රන්ථ ප්‍රකාශන,Short Stories,2,0,1
9789553127839,නීල නිම්න,තාරකා වාසලමුදලිආරච්චි,සරසවි ප්‍රකාශකයෝ,Novel,1,0,1
9786249460928,ගුල්,තිලංකා සේනානායක,කර්තෘ ප්‍රකාශනයකි,Novel,1,0,1
9786249460911,දියමන්ති,තිලංකා සේනානායක,කර්තෘ ප්‍රකාශනයකි,Novel,1,0,1
9786249460904,මේඝධාරා,තිලංකා සේනානායක,කර්තෘ ප්‍රකාශනයකි,Novel,1,0,1
9786245558995,ඉසෝදර පුවත,තිසරණී ඩී නිර්මාණි,නොහඳුනන්නි,Novel,1,0,1
9786246596248,චායි,තිසරණී ඩී නිර්මාණි,නොහඳුනන්නි,Novel,0,0,1
9786245558094,දම් කමිස වැසියා,තිසරණී ඩී නිර්මාණි,නොහඳුනන්නි,Novel,1,0,1
9786245558568,ද්වාරි ස්වර,තිසරණී ඩී නිර්මාණි,නොහඳුනන්නි,Novel,2,0,1
9786245558636,නිර්මාණා,තිසරණී ඩී නිර්මාණි,නොහඳුනන්නි,Novel,0,0,1
9786245558735,පතොක් මල් පෙති,තිසරණී ඩී නිර්මාණි,නොහඳුනන්නි,Novel,1,0,1
9786245558292,බෙලාගෙ ඩයරිය,තිසරණී ඩී නිර්මාණි,නොහඳුනන්නි,Novel,0,0,1
9786245558919,මල් උයන්,තිසරණී ඩී නිර්මාණි,නොහඳුනන්නි,Novel,1,0,1
9786245558902,මල් දරන්නට තරම්,තිසරණී ඩී නිර්මාණි,නොහඳුනන්නි,Novel,1,0,1
9786245558889,මා විසින් මා වෙත,තිසරණී ඩී නිර්මාණි,නොහඳුනන්නි,Novel,0,0,1
9786245558476,වැහි බිංදු,තිසරණී ඩී නිර්මාණි,නොහඳුනන්නි,Novel,1,0,1
9786245558520,ශේෂ කදු,තිසරණී ඩී නිර්මාණි,නොහඳුනන්නි,Novel,0,0,1
9786245558315,සඳ,තිසරණී ඩී නිර්මාණි,නොහඳුනන්නි,Novel,1,0,1
9786246596224,හිමිදිරි සන්ධ්‍යා,තිසරණී ඩී නිර්මාණි,නොහඳුනන්නි,Novel,0,0,1
9786246417147,හදිස්සියෙම හෝ හෙමි හෙමින්,තුෂාරිකා ඇන්තනි,රස කථා ප්‍රකාශන,Other,1,0,1
9786245941346,විසබසර,දර්ශනා ශම්මා විජේතිලක,සුසර ප්‍රකාශකයෝ,Novel,1,0,1
9786245784059,උන්මාදනී,දිනුශා වීරරත්න,දෙව්මිණි Publication,Novel,1,0,1
9786245784011,ඩියර් අහානා,දිනුශා වීරරත්න,දෙව්මිණි Publication,Novel,2,0,1
9786245784226,මන්දාරා,දිනුශා වීරරත්න,දෙව්මිණි Publication,Novel,1,0,1
9786245784295,ලැබුනෝතින් වරම්,දිනුශා වීරරත්න,දෙව්මිණි Publication,Novel,1,0,1
9786245784240,වාස්‍යා,දිනුශා වීරරත්න,දෙව්මිණි Publication,Novel,0,0,1
9786245784288,හේ මින්නලේ,දිනුශා වීරරත්න,දෙව්මිණි Publication,Novel,0,0,1
9786246266981,අනේ මන්දා,දිමුත් කුලරත්න,Storyflix,Novel,99,0,1
9786249807051,අකාල කාල,දිලිනි ගයනි,කර්තෘ ප්‍රකාශනයකි,Novel,2,0,1
9786246266066,අග්‍රමංසලා,දිලිනි ගයනි,Storyflix,Novel,19,0,1
9786245671366,අතු ඉති මතින්,දිලිනි ගයනි,අහස් Publication,Novel,1,0,1
9786245671731,අළු රෝස,දිලිනි ගයනි,අහස් Publication,Novel,2,0,1
9786245671489,එක දවසක්,දිලිනි ගයනි,අහස් Publication,Novel,2,0,1
9786249807037,දියානා,දිලිනි ගයනි,කර්තෘ ප්‍රකාශනයකි,Novel,1,0,1
9786249807013,නුඹ ඇවිදින් හෙමින් සැරේ,දිලිනි ගයනි,කර්තෘ ප්‍රකාශනයකි,Novel,1,0,1
9786249807068,නොලියවුණූ කතාවක්,දිලිනි ගයනි,කර්තෘ ප්‍රකාශනයකි,Novel,1,0,1
9786245558438,ප්‍රේමය නම්,දිලිනි ගයනි,නොහඳුනන්නි,Novel,1,0,1
9786245671212,පාට සරුංගල්,දිලිනි ගයනි,අහස් Publication,Novel,2,0,1
9786249807020,පිණි කදුලක්,දිලිනි ගයනි,කර්තෘ ප්‍රකාශනයකි,Novel,1,0,1
9786246266752,බලා ඉන්නට අවසරයි,දිලිනි ගයනි,Storyflix,Novel,37,0,1
9786246748005,මගේ සඳ ඔබ,දිලිනි ගයනි,කර්තෘ ප්‍රකාශනයකි,Novel,0,0,1
9786246748012,මතක මංපෙත,දිලිනි ගයනි,කර්තෘ ප්‍රකාශනයකි,Novel,1,0,1
9786246679125,මල් මුදු සරින්,දිලිනි ගයනි,Storyflix,Novel,47,0,1
9786249807044,මේඝ වර්ශා,දිලිනි ගයනි,කර්තෘ ප්‍රකාශනයකි,Novel,2,0,1
9786249807006,හිතුමතේ පෑයූ සඳ,දිලිනි ගයනි,කර්තෘ ප්‍රකාශනයකි,Novel,1,0,1
9786245671878,කඳුලක බර,දිලිනි වීරකෝන්,අහස් Publication,Novel,2,0,1
9786245671472,බිනර මල,දිලිනි වීරකෝන්,අහස් Publication,Novel,0,0,1
9786245671588,සඳ වත,දිලිනි වීරකෝන්,අහස් Publication,Novel,1,0,1
9789553129376,සත්සඳ නොහොත් මාලි අල්මේදාගේ හත්දවස,දිලීප අබේසේකර,සරසවි ප්‍රකාශකයෝ,Translation/Adoption,3,0,1
9786245673278,දුම්බර වලව්ව,දිලුක්ශි හදපාන්ගොඩ,සිතුවිලි Publication,Novel,2,0,1
9789557339139,ශිඛර,දිලූ සඳමාලි රාසාංගිකා මාපා,සිතැගි,Novel,1,0,1
9789557339191,සීතල වැහි කඳුලක්,දිලූ සඳමාලි රාසාංගිකා මාපා,සිතැගි,Novel,1,0,1
9786245115006,පමා වූ හසරැල්,දිල්රුක්ෂි ගමගේ,සිතුවිලි Publication,Novel,2,0,1
9786245673223,මල් නුවර හැන්දෑව,දිල්රුක්ෂි ගමගේ,සිතුවිලි Publication,Novel,1,0,1
9786245673292,සඳක් තනියම,දිල්රුක්ෂි ගමගේ,සිතුවිලි Publication,Novel,1,0,1
9786245673186,සුසුම් සැනසුම් ඔබ තමයි,දිල්රුක්ෂි ගමගේ,සිතුවිලි Publication,Novel,2,0,1
9786245673445,සොඳුරු හිතුවක්කාරයා,දිල්රුක්ෂි ගමගේ,සිතුවිලි Publication,Novel,1,0,1
9789553129345,සේලවී,දිල්ෂි තත්සරණි,සරසවි ප්‍රකාශකයෝ,Novel,0,0,1
9786249491755,සයුරින්දි,දිල්හානි වික්‍රමරත්න,නෙත්රෝ,Novel,1,0,1
9786249404304,නමක් නැති පොතක්,දිශාන්ති වෙදගේ,කර්තෘ ප්‍රකාශනයකි,Short Stories,5,0,1
9786246679064,මේක අමුතුම ප්‍රේමයක්,දිස්නා පී සූරියහෙට්ටි,Storyflix,Novel,50,0,1
9786245584390,ඒ ගහට එතුණේ සමන් වැලක්,දුරේන්ද්‍රා ඉන්දිකා පීරිස්,සදමාධවී ප්‍රකාශකයෝ,Short Stories,1,0,1
9786245584420,දම්වැල් ප්‍රේමයේ මනුස්ස භාගය,දුරේන්ද්‍රා ඉන්දිකා පීරිස්,සදමාධවී ප්‍රකාශකයෝ,Short Stories,1,0,1
9786245584284,පුරාවතක්,දුල් යශෝ,සදමාධවී ප්‍රකාශකයෝ,Novel,2,0,1
9786245671564,Jersey No 71,දෙව්දූ ශෂිනි,අහස් Publication,Novel,2,0,1
9786245671458,ආදර ගිණි දැල්,දෙව්දූ ශෂිනි,අහස් Publication,Novel,1,0,1
9786245671748,බෙරලි,දෙව්දූ ශෂිනි,අහස් Publication,Novel,1,0,1
9786245671496,මොනරී,දෙව්දූ ශෂිනි,අහස් Publication,Novel,2,0,1
9786249720756,ස්නේහ බැමි,දෙව්දූ ශෂිනි,කර්තෘ ප්‍රකාශනයකි,Novel,2,0,1
9786245999248,පිනි මල් වැස්ස,දෙව්නිකා දුර්ගා,නිසා bookland,Novel,1,0,1
9786245671762,අයන්,දේව් ශ්‍රී,අහස් Publication,Novel,1,0,1
9786245671861,අසංතෘත,දේව් ශ්‍රී,අහස් Publication,Novel,1,0,1
9786245558537,දිනිසුරුය නුඹ තරුපතිය මම,ධනංජනී ප්‍රියදර්ශන,නොහඳුනන්නි,Novel,2,0,1
9786245558988,නෙතු පිය මත,ධනංජනී ප්‍රියදර්ශන,නොහඳුනන්නි,Novel,2,0,1
9786245558834,මම යශෝදරා,ධනංජනී ප්‍රියදර්ශන,නොහඳුනන්නි,Novel,2,0,1
9786246596316,මේකුළු,ධනංජනී ප්‍රියදර්ශන,නොහඳුනන්නි,Novel,2,0,1
9786249305403,පික්පොකට්,නදී ගුණතිලක,කර්තෘ ප්‍රකාශනයකි,Novel,11,0,1
9789550929696,ඔක්තෝම්බර්,නදීරා පෙරේරා,ගයා ක්‍රියේශන්,Novel,2,0,1
9786246266202,පැහැබර දවසක්,නයනකේෂි විජේකෝන්,Storyflix,Novel,53,0,1
9786246585181,ලියතඹර,නර්මදා රංගොඩගේ,ආශිර්වාද ප්‍රකාශකයෝ,Novel,1,0,1
9786246296797,සුරංගනා දේශයෙන් යාලුවෝ,නවාංජනා සිතුමිණි,කඩුල්ල ප්‍රකාශන,Other,2,0,1
9786245558810,අළු පාට හැන්දෑව,නිකිණි නවීනා,නොහඳුනන්නි,Novel,1,0,1
9786246596163,මන බැන්දු,නිකිණි නවීනා,නොහඳුනන්නි,Novel,1,0,1
9786245558599,මාරුතයේ ගීතය,නිකිණි නවීනා,නොහඳුනන්නි,Novel,1,0,1
9786246596330,යාශා,නිකිණි නවීනා,නොහඳුනන්නි,Novel,1,0,1
9786245558971,හේමන්තයේ මායාවිය,නිකිණි නවීනා,නොහඳුනන්නි,Novel,2,0,1
9786246808013,නුවර අහස යටදී,නිපු මධුෂි,අහස් Publication,Novel,2,0,1
9786245671670,මුහුදු සිංහයා 1,නිපු මධුෂි,අහස් Publication,Novel,1,0,1
9786245671694,මුහුදු සිංහයා 2,නිපු මධුෂි,අහස් Publication,Novel,1,0,1
9786245797035,ලාරා,නිපු මධුෂි,බටහිර අහස,Novel,3,0,1
9786249939868,හිමි අහිමි ඍතුවක්,නිපූ ඩයස්,කර්තෘ ප්‍රකාශනයකි,Novel,1,0,1
9786246103125,අඟුරු මල්,නිමේෂා ගීතාංජලී,වර්ණ ග්‍රැෆික් සහ ප්‍රකාශන,Novel,1,0,1
9786245572717,මා නිදන්නට පෙර,නිම්මා මුදිතා හේරත්,ග්‍රන්ථ ප්‍රකාශන,Translation/Adoption,3,0,1
9786245579570,රෙඩ් වයිට් ඇන්ඩ් රෝයල් බ්ලූ,නිම්මා මුදිතා හේරත්,මියුසස් ප්‍රකාශන,Translation/Adoption,1,0,1
9786245579839,ලිට්ල් ඩාලින්ස්,නිලන්ති එදිරිවීර,මියුසස් ප්‍රකාශන,Translation/Adoption,2,0,1
9789553131423,ගිම්හාන තුහින,නිලන්ති වර්ණසූරිය,සරසවි ප්‍රකාශකයෝ,Novel,6,0,1
9786246679101,ජීවිතයට සඳ කිරණක්,නිලන්ති වර්ණසූරිය,Storyflix,Novel,42,0,1
9789553131430,නිමක් නැති ප්‍රේමයක්,නිලන්ති වර්ණසූරිය,සරසවි ප්‍රකාශකයෝ,Novel,1,0,1
9786246266509,යලිත් හිනැහෙමි,නිලන්ති වර්ණසූරිය,Storyflix,Novel,10,0,1
9786246266721,ලබැඳි සබඳ ඔබ,නිලන්ති වර්ණසූරිය,Storyflix,Novel,73,0,1
9786246268039,අහම්බයකින් මිස අපි - හමු නොවෙමු කිසිදා යලි,නිලුකා බ්‍රැන්ඩන්,Tout Publishing,Novel,2,0,1
9786246268060,චිත්‍රාල්,නිලුකා බ්‍රැන්ඩන්,Tout Publishing,Novel,0,0,1
9786246268053,රෝජා,නිලුකා බ්‍රැන්ඩන්,Tout Publishing,Novel,1,0,1
9786246268008,හදවත් වරක්,නිලුකා බ්‍රැන්ඩන්,Tout Publishing,Novel,0,0,1
9786246268077,හසරැල් ගංගා,නිලුකා බ්‍රැන්ඩන්,Tout Publishing,Novel,0,0,1
9786245579617,අසුර ධ්‍යානවේදයේ මහා නිමැවුම්කරු,නිලේකා ධනංජනී ගුණවර්ධන,මියුසස් ප්‍රකාශන,Translation/Adoption,1,0,1
9786245579907,අසුරධ්‍යානවේදයේ මහා නිමැවුම්කරු 2,නිලේකා ධනංජනී ගුණවර්ධන,මියුසස් ප්‍රකාශන,Translation/Adoption,2,0,1
9786245558131,මතක සෙවනැළි,නිලේන්ද්‍රා පණ්ඩිතරත්න,නොහඳුනන්නි,Novel,0,0,1
9786245808168,අභී,නිශි බොතේජු,නිශි Publication,Novel,3,0,1
9786245808106,ඩියර් හබී,නිශි බොතේජු,නිශි Publication,Novel,1,0,1
9786245808120,රතු ලෙන් වලව්ව,නිශි බොතේජු,නිශි Publication,Novel,5,0,1
9786245808083,සින්දූර් නුබ නමින්,නිශි බොතේජු,නිශි Publication,Novel,1,0,1
9786245572779,මහා රෑ,නිහාල් පීරිස්,ග්‍රන්ථ ප්‍රකාශන,Novel,1,0,1
9786246039165,ක්ලියෝපැට්‍රා - එයා තමයි රැජිණ,නුවන් ඉශාර මහගමගේ,බිසෝ ප්‍රකාශන,Novel,2,0,1
9786245579044,මරකත පිළිලය,නෙතිදු වරාපිටිය,මියුසස් ප්‍රකාශන,Novel,1,0,1
9786245579600,මරකත ඵලකය,නෙතිදු වරාපිටිය,මියුසස් ප්‍රකාශන,Novel,2,0,1
9786246596286,කන්‍යා ප්‍රාණ,නේත්‍රා එස් ධර්මරත්න,නොහඳුනන්නි,Novel,0,0,1
9789553727602,සෑන්ඩ්ස්ටෝම්,නෞමි කත්‍යානා ධර්මරත්න,මියුසස් ප්‍රකාශන,Translation/Adoption,1,0,1
9786246679170,Leave no trace,පවිත්‍රා අභයවර්ධන,Storyflix,Short Stories,40,0,1
9786246596361,ගිලිහුණු පෙති,පාරමී හේනාධීර(පාරා),නොහඳුනන්නි,Novel,2,0,1
9786246596187,වස්සාන කුසුම,පාරමී හේනාධීර(පාරා),නොහඳුනන්නි,Novel,1,0,1
9786246596309,පළිඟු පබළු,පාලි මුණසිංහ,නොහඳුනන්නි,Novel,2,0,1
9786245558803,මන්දාරම් හීනේ,පාලි මුණසිංහ,නොහඳුනන්නි,Novel,2,0,1
9786246596019,හංස ගීතය,පාලි මුණසිංහ,නොහඳුනන්නි,Novel,3,0,1
9786249328105,නපුරු නිළමේ,පියුමි ප්‍රබෝදා සේනාදීර,කර්තෘ ප්‍රකාශනයකි,Novel,1,0,1
9786245671984,අළු වලාකුළු,පුබුදු උදටියාවල,අහස් Publication,Short Stories,1,0,1
9786249340909,ගිය නොගිය මාවත්,පුබුදු උදටියාවල,කර්තෘ ප්‍රකාශනයකි,Other,1,0,1
9786249317406,සදහටම ඔබගේමයි,පුර්නිමා තිලකරත්න,සදමාධවී ප්‍රකාශකයෝ,Novel,1,0,1
9786245572700,සොඳුරුතම ප්යොන්යන් රාත්‍රිය,පුෂ්ප රංජන් විජේසිංහ,ග්‍රන්ථ ප්‍රකාශන,Other,2,0,1
9786245663705,සංසාර ආවර්ජනා,පුෂ්පිකා විජේරත්න,bookrack publication,Novel,1,0,1
9786246596347,මිය යා යුතුද සිහිනය,පූජනී සාරධා,නොහඳුනන්නි,Novel,2,0,1
9786245671601,loveමය වැහි බිංදු,ප්‍රදීප් ප්‍රේමලාල්,අහස් Publication,Other,1,0,1
9786245579051,රාවණ් ලියෝ,ප්‍රදීප් රත්නායක,මියුසස් ප්‍රකාශන,Novel,1,0,1
9786245558773,අනුනාද,ප්‍රබෝධනී එදිරිසිංහ,නොහඳුනන්නි,Novel,2,0,1
9786246808020,ආයෙත් වරක්,ප්‍රබෝධනී එදිරිසිංහ,අහස් Publication,Novel,2,0,1
9786245671663,දෙවෙනි පරිච්ජේදය,ප්‍රබෝධනී එදිරිසිංහ,අහස් Publication,Novel,2,0,1
9786245671779,‍රළු කාර්තුවක්,ප්‍රබෝධනී එදිරිසිංහ,අහස් Publication,Novel,2,0,1
9786245671724,ආයුබෝවන්,ප්‍රභාත් විතානගේ,අහස් Publication,Short Stories,1,0,1
9789553128263,බිඳුණු කැණි මඩල,ප්‍රියංකා අමරතුංග,සරසවි ප්‍රකාශකයෝ,Novel,1,0,1
9786246417079,ඇත්තටම ඒ මිදි ඇඹුල්,ප්‍රියාල් වීරසිංහ,රස කථා ප්‍රකාශන,Other,1,0,1
9786245572533,සඳුගෙ දියණිය,ප්‍රීති ශ්‍රී කාන්ත,ග්‍රන්ථ ප්‍රකාශන,Novel,2,0,1
9786246266875,Aussie අයිශා,බුද්ධි ජයවීර,Storyflix,Novel,12,0,1
9786246679149,සර්කස්,බුද්ධි ජයවීර,Storyflix,Novel,17,0,1
9786246266356,ආල නුරා,බුද්ධිකා අබේසුන්දර,Storyflix,Novel,69,0,1
9786246266561,එකයි භාග දෙකයි,බුද්ධිකා අබේසුන්දර,Storyflix,Novel,41,0,1
9786246266745,කුරවි සර,බුද්ධිකා අබේසුන්දර,Storyflix,Novel,2,0,1
9786246266998,ඩුබායි හන්දිය,බුද්ධිකා අබේසුන්දර,Storyflix,Novel,91,0,1
9786246679163,දෙදෙනෙක් දෙතැනක් කතා දෙකක්,බුද්ධිකා අබේසුන්දර,Storyflix,Short Stories,0,0,1
9786246266684,පති පූජිතා,බුද්ධිකා අබේසුන්දර,Storyflix,Novel,25,0,1
9786245579518,ඒක අමුතු කතාවක්,භාග්‍ය පණ්ඩිතරත්න,මියුසස් ප්‍රකාශන,Novel,2,0,1
9786246570330,භවචක්‍ර,භාග්‍යා මධුභාණි සේනාධීර,මියුසස් ප්‍රකාශන,Novel,2,0,1
9786245579211,අත්ලාන්තික් දඩයම,මංජුල දිසානායක,මියුසස් ප්‍රකාශන,Novel,1,0,1
9789553727176,ඇමසෝනියා,මංජුල දිසානායක,මියුසස් ප්‍රකාශන,Novel,1,0,1
9789553727596,එක්ස්කැවේෂන්,මංජුල දිසානායක,මියුසස් ප්‍රකාශන,Translation/Adoption,1,0,1
9789553727220,12.12.12,මංජුල සේනාරත්න,මියුසස් ප්‍රකාශන,Novel,2,0,1
9786245579242,D,මංජුල සේනාරත්න,මියුසස් ප්‍රකාශන,Novel,2,0,1
9786245579426,ජීවිතයෙන් මාස හයක්,මංජුල සේනාරත්න,මියුසස් ප්‍රකාශන,Novel,1,0,1
9786246570132,ඩිස්පරයු,මංජුල සේනාරත්න,මියුසස් ප්‍රකාශන,Novel,3,0,1
9789553727299,ප්‍රියා සමග ඉරිදාවක්,මංජුල සේනාරත්න,මියුසස් ප්‍රකාශන,Short Stories,1,0,1
9789553727640,බියුරෝ,මංජුල සේනාරත්න,මියුසස් ප්‍රකාශන,Novel,2,0,1
9789553727336,රෝස මාලිගාවේ මනුසත්තු,මංජුල සේනාරත්න,මියුසස් ප්‍රකාශන,Novel,1,0,1
9786245579082,සිව් ඍතු සිතුවිලි,මංජුල සේනාරත්න,මියුසස් ප්‍රකාශන,Short Stories,2,0,1
9786245579754,ශාපලත් නිවසේ අභිරහස,මධාරා අබේසිංහ,මියුසස් ප්‍රකාශන,Translation/Adoption,1,0,1
9786245626434,නුඹ ගාව මනරම්,මධුෂිකා දිල්හානි,සංක ප්‍රකාශකයෝ,Novel,1,0,1
9786242042367,ඇස්බැන්දුම්,මධුෂිකා රාමනායක,කර්තෘ ප්‍රකාශනයකි,Novel,6,0,1
9786245584451,ආකාස සිත්තම්,මධූෂා පිටිගලආරච්චි,සදමාධවී ප්‍රකාශකයෝ,Novel,4,0,1
9786245584277,රනුදුලා,මධූෂා පිටිගලආරච්චි,සදමාධවී ප්‍රකාශකයෝ,Novel,3,0,1
9786245841295,දර්මපුරම්,මනෝරි සිලිකා වික්‍රමආරච්චි,සිලිකා ප්‍රකාශන,Novel,1,0,1
9786245671809,Vintage journal,මයුරි ලියනගේ,අහස් Publication,Other,1,0,1
9786245638413,ලොකු ර යන්න,මලික් තුසිත ගුණරත්න,සූරිය ප්‍රකාශකයෝ,Short Stories,1,0,1
9786245638888,සිල්වර් ටිප්ස්,මලික් තුසිත ගුණරත්න,සූරිය ප්‍රකාශකයෝ,Novel,1,0,1
9786245558339,මාත්‍රා,මලී පෙරේරා,නොහඳුනන්නි,Novel,2,0,1
9786245671991,තරු මල් මතින්,මලීශා වික්‍රමතුංග,අහස් Publication,Novel,2,0,1
9786245558872,ද්‍රෝහියාගේ හදවත,මල්ෂි N ප්‍රනාන්දු,නොහඳුනන්නි,Novel,4,0,1
9786246596002,ලියේන්ද්‍රා,මල්ෂි N ප්‍රනාන්දු,නොහඳුනන්නි,Novel,2,0,1
9786246596194,වාලුකාවලෝකන,මල්ෂි N ප්‍රනාන්දු,නොහඳුනන්නි,Novel,2,0,1
9786246596255,සුදු පාට සපත්තු,මල්ෂි N ප්‍රනාන්දු,නොහඳුනන්නි,Novel,2,0,1
9786245519927,බිසෝ උරුමය,මහිකා රණසිංහ,ආශිර්වාද ප්‍රකාශකයෝ,Novel,1,0,1
9786245314089,අපොයියාව,මහින්ද ප්‍රසාද් මස්ඉබුල,සන්ථව,Novel,3,0,1
9789550980031,ඇහි පියන් ඇහැරිලා,මහින්ද ප්‍රසාද් මස්ඉබුල,සන්ථව,Other,3,0,1
9789550980239,මාණික්කාවත,මහින්ද ප්‍රසාද් මස්ඉබුල,සන්ථව,Novel,3,0,1
9786245594252,මැයි මාර ප්‍රසංගය,මහින්ද ප්‍රසාද් මස්ඉබුල,සන්ථව,Novel,0,0,1
9789550980000,සෙංකොට්ටං,මහින්ද ප්‍රසාද් මස්ඉබුල,සන්ථව,Novel,0,0,1
9789555285704,හිරුත් හිම පියල්ලක,මහින්ද ප්‍රසාද් මස්ඉබුල,සන්ථව,Other,2,0,1
9789550201587,අපේ ගම,මාටින් වික්‍රමසිංහ,සරස,Novel,1,0,1
9789550201365,ගම්පෙරලිය,මාටින් වික්‍රමසිංහ,සරස,Novel,1,0,1
9789550201396,මඩොල් දූව,මාටින් වික්‍රමසිංහ,සරස,Novel,1,0,1
9789550201464,වහල්ලු,මාටින් වික්‍රමසිංහ,සරස,Novel,1,0,1
9789550201402,විරාගය,මාටින් වික්‍රමසිංහ,සරස,Novel,1,0,1
9786245671908,ප්‍රේමයේ පරිච්ජේදය,මිලින්ද ලක්ශාන්,අහස් Publication,Novel,2,0,1
9786245552146,11,මුතුමුදලිගේ නිශ්ශංක,පොත්මී ප්‍රකාශන,Novel,1,0,1
9786245552108,ආසික්ලන්තය,මුතුමුදලිගේ නිශ්ශංක,පොත්මී ප්‍රකාශන,Novel,1,0,1
9786245552092,හදට ගල් ගැසූ කොල්ලෙක්,මුතුමුදලිගේ නිශ්ශංක,පොත්මී ප්‍රකාශන,Novel,0,0,1
9786249376809,අහස සද ලෙද,මුදිතා ලක්මිණි වැන්දබෝනා,කර්තෘ ප්‍රකාශනයකි,Novel,4,0,1
9786246266738,දැහැනක බැඳී,මුදිතා ලක්මිණි වැන්දබෝනා,Storyflix,Translation/Adoption,18,0,1
9786245579778,නොක්නරී අදුරු සෙවණැලි,මේධාවි දික්මාදුගොඩ,මියුසස් ප්‍රකාශන,Translation/Adoption,1,0,1
9786245999392,හාදු මල්,මේධි භාෂිණි,නිසා bookland,Novel,2,0,1
9789554690103,I.D.,මොහාන් රාජ් මඩවල,බිසෝ ප්‍රකාශන,Novel,3,0,1
9789554690028,ආදරණිය වික්ටෝරියා,මොහාන් රාජ් මඩවල,බිසෝ ප්‍රකාශන,Novel,2,0,1
9789554690066,කලම්බෝ,මොහාන් රාජ් මඩවල,බිසෝ ප්‍රකාශන,Novel,2,0,1
9786246039103,ටොක්සික්,මොහාන් රාජ් මඩවල,බිසෝ ප්‍රකාශන,Novel,2,0,1
9786246039004,නිල් කට්රොල්,මොහාන් රාජ් මඩවල,බිසෝ ප්‍රකාශන,Novel,1,0,1
9786246039059,මන්දෝදරී,මොහාන් රාජ් මඩවල,බිසෝ ප්‍රකාශන,Novel,10,0,1
9789554690004,මාගම් සෝලිය,මොහාන් රාජ් මඩවල,බිසෝ ප්‍රකාශන,Novel,3,0,1
9781234567897,රැජින,මොහාන් රාජ් මඩවල,බිසෝ ප්‍රකාශන,Novel,3,0,1
9789554690011,‍ලොවීනා,මොහාන් රාජ් මඩවල,බිසෝ ප්‍රකාශන,Novel,2,0,1
9786245671892,ස්වරාගී,යමුනා හේමමාලි ගුණරත්න,අහස් Publication,Novel,2,0,1
9786245671526,අනෝරාවක,යශ්වානි දේවනාරායන,අහස් Publication,Novel,1,0,1
9786245999330,අසම්මතයේ උමතුවක්,යශ්වානි දේවනාරායන,නිසා Publishers,Novel,1,0,1
9786245671922,අළු පැහැති දවසක,යශ්වානි දේවනාරායන,අහස් Publication,Novel,3,0,1
9786245671656,කටු අතරින් මල් වෙත,යශ්වානි දේවනාරායන,අහස් Publication,Novel,3,0,1
9786245671847,සීමාවෙන් එහා,යශ්වානි දේවනාරායන,අහස් Publication,Novel,4,0,1
9786246596408,පායල්,යසන්දි අතපත්තු,නොහඳුනන්නි,Novel,2,0,1
9786249489011,කඳුළ නුඹ,යාශු සේමසිංහ,නොහඳුනන්නි,Novel,0,0,1
9786245671618,නීල වරලි,යුනධි ශෙහාරා,අහස් Publication,Novel,0,0,1
9786246266707,මී පුර ඇල්ල,යෙන් හැරි,Storyflix,Novel,93,0,1
9786245671700,රංගල කන්ද,යෙන් හැරි,අහස් Publication,Novel,2,0,1
9786246417086,Daily love dose - පේපර්මින්ට්,යේශා ප්‍රනාන්දු,රස කථා ප්‍රකාශන,Other,1,0,1
9789559750024,හිනැහෙන් රොබරෝසියා,යෞවන සමීන්ද්‍ර රත්නායක,Tashen Publication,Novel,2,0,1
9786246417130,බොහෝ කවි ලියවුනෙ ඔබටය,රංගනී ගීතිකා ප්‍රනාන්දු,රස කථා ප්‍රකාශන,Other,1,0,1
9786246417123,At least we met,රංගනී ෆර්නැන්ඩු,රස කථා ප්‍රකාශන,Other,1,0,1
9786245577064,සහසසරංසි,රන්දික කඩවතආරච්චි,Reading Planet,Novel,1,0,1
9786246508043,එක් පුංචි පාරාදීසයක්,රන්සර බණ්ඩාර,ග්‍රන්ථ ප්‍රකාශන,Other,1,0,1
9786245579631,දිව්‍යාශිංසන,රවින්දි කල්දේරා,මියුසස් ප්‍රකාශන,Translation/Adoption,1,0,1
9786245579785,දිව්‍යාශිංසන 02,රවින්දි කල්දේරා,මියුසස් ප්‍රකාශන,Translation/Adoption,2,0,1
9786245579662,අධමයාගේ ආත්මාරක්ෂක පද්ධතිය,රවිශ්කා තරුප්‍රභා පෙරේරා,මියුසස් ප්‍රකාශන,Translation/Adoption,1,0,1
9786246039080,විසල් නුවරක ආදරය,රශ්මික මන්ඩාවල,බිසෝ ප්‍රකාශන,Novel,2,0,1
9786245579136,දිරිය දරුවෝ,රාජ ශ්‍රී පීරිස්,මියුසස් ප්‍රකාශන,Novel,1,0,1
9786245626427,ආදරයද මට කීවේ,රුවනි ලියනගොල්ල,සංක ප්‍රකාශකයෝ,Novel,1,0,1
9786245626311,උමන්දා,රුවනි ලියනගොල්ල,සංක ප්‍රකාශකයෝ,Novel,1,0,1
9786245999279,කෝඩු ආකාසෙ,රුවනි ලියනගොල්ල,කර්තෘ ප්‍රකාශනයකි,Novel,1,0,1
9786246523008,ධූම,රුවනි ලියනගොල්ල,කර්තෘ ප්‍රකාශනයකි,Novel,2,0,1
9786245673315,කළු සිල්ලර,රුවිනි සිල්වා,සිතුවිලි Publication,Novel,2,0,1
9786245671885,හොට් චොක්ලට්,රුවිනි සිල්වා,අහස් Publication,Novel,1,0,1
9786245638963,උන්මාද තොටමුණ,රූපා ශ්‍රියානි ඒකනායක,සූරිය ප්‍රකාශකයෝ,Novel,1,0,1
9786246417154,මිහිරි මිදි අතු,රොෂෙල් ෆර්නැන්ඩු,රස කථා ප්‍රකාශන,Other,1,0,1
9786245572748,නුඹ හමුවීමම ප්‍රේමයක්,ලෙහාන් හඳුන්ගේ,ග්‍රන්ථ ප්‍රකාශන,Other,1,0,1
9786245572731,හුස්මක් ඔබ මට‍,ලෙහාන් හඳුන්ගේ,ග්‍රන්ථ ප්‍රකාශන,Novel,1,0,1
9786245558827,නමක් නැති ලිපිනයක්,ලේඛක එකතුවකි,නොහඳුනන්නි,Short Stories,1,0,1
9786249453609,ප්‍රොමිතියස්ගේ දරුවෝ,ලේඛක එකතුවකි,ග්‍රන්ථ ප්‍රකාශන,Short Stories,1,0,1
9786245572878,ගෙම්බරී,ලේඛා මදරසිංහ,ග්‍රන්ථ ප්‍රකාශන,Novel,3,0,1
9786245626571,ආලේ බැඳි රන්දම්,වත්සලා කරුණාරත්න,සංක ප්‍රකාශකයෝ,Novel,1,0,1
9786245626229,සුපෙමි පාරමී,වත්සලා කරුණාරත්න,සංක ප්‍රකාශකයෝ,Novel,1,0,1
9786245558834,මං තරු මං දිගේ 1,වරුනි වාසවදත්තා දේශප්‍රිය,නොහඳුනන්නි,Novel,2,0,1
9786245558841,මං තරු මං දිගේ 2,වරුනි වාසවදත්තා දේශප්‍රිය,නොහඳුනන්නි,Novel,2,0,1
9786245671359,කයිලි,වාසනා පෙරේරා,අහස් Publication,Novel,2,0,1
9786246679071,තාල යාත්‍රා,වාසනා පෙරේරා,Storyflix,Novel,48,0,1
9786245671342,තුහින පිණි සලු,වාසනා පෙරේරා,අහස් Publication,Novel,1,0,1
9786246266691,නිකැළැල් හාදු,වාසනා පෙරේරා,Storyflix,Novel,27,0,1
9786245671939,මතක සොයා,වාසනා පෙරේරා,අහස් Publication,Novel,3,0,1
9786245671236,රිහානා CEO and I,වාසනා පෙරේරා,අහස් Publication,Novel,0,0,1
9786245671625,සේද හීන,වාසනා පෙරේරා,අහස් Publication,Novel,2,0,1
9786249384637,පිනි මල් කිණිත්තක්,ශානිකා ජයසූරිය,අක්ශනා පබ්ලිකේෂන්,Novel,0,0,1
9786245584215,මනෝහාරි,ශානිකා ජයසූරිය,සදමාධවී ප්‍රකාශකයෝ,Novel,1,0,1
9786249384606,සංසාර අභිසෙස්,ශානිකා ජයසූරිය,අක්ශනා පබ්ලිකේෂන්,Novel,1,0,1
9786245584246,සිනිදු යදම්,ශානිකා ජයසූරිය,සදමාධවී ප්‍රකාශකයෝ,Novel,0,0,1
9786246273040,වැහි කෝඩ,ශාමිකා ජේ බස්නායක,ජයදද ප්‍රකාශකයෝ,Novel,1,0,1
9786245558698,නාඩන් උදුම්බරා 1,ශිරෝමි සංජීවනී,නොහඳුනන්නි,Novel,2,0,1
9786245558704,නාඩන් උදුම්බරා 2,ශිරෝමි සංජීවනී,නොහඳුනන්නි,Novel,2,0,1
9786246596293,රිදුමක අවාරේ,ශ්‍යාමි නදීශා,නොහඳුනන්නි,Novel,2,0,1
9786245558926,අනන්ත අහසක්,සංජනා කවින්දි ජයලත්,නොහඳුනන්නි,Novel,2,0,1
9786246596323,වැස්සක්ව වැටෙන තුරු,සංජනා කවින්දි ජයලත්,නොහඳුනන්නි,Novel,2,0,1
9786246596033,සුසුම නුඹ,සංජනා කවින්දි ජයලත්,නොහඳුනන්නි,Novel,2,0,1
9786246266943,තන්දුරි චායි,සංජය දොළමුල්ල,Storyflix,Other,17,0,1
9786246679187,බැංකොක් වගතුග,සංජය දොළමුල්ල,Storyflix,Other,47,0,1
9789555198936,මසාලා චායි,සංජය දොළමුල්ල,කර්තෘ ප්‍රකාශනයකි,Other,3,0,1
9786245999491,වියලි කොපුල්,සංජලි ලියනගේ,නිසා bookland,Novel,1,0,1
9786246596392,දෙවන්‍යා,සචිනි හෙට්ටිආරච්චි,නොහඳුනන්නි,Novel,2,0,1
9786246266868,කළු පැහැති කුඩා පොත,සචින්ත ප්‍රමෝද් නාඔටුන්න,Storyflix,Other,8,0,1
9786246679248,නොකියවිය යුතු කතා කීපයක්,සචින්ත ප්‍රමෝද් නාඔටුන්න,Storyflix,Short Stories,43,0,1
9786245671687,කාවා,සජිත රොශාන්,අහස් Publication,Novel,3,0,1
9786245579747,සදුනාගේ ආගිය විත්ති,සදුන් මධුරංග,මියුසස් ප්‍රකාශන,Short Stories,1,0,1
9786245584079,අමාවි,සඳරේණු අමරසිංහ,සදමාධවී ප්‍රකාශකයෝ,Novel,2,0,1
9786245584338,අලුත් ඉරක්,සඳරේණු අමරසිංහ,සදමාධවී ප්‍රකාශකයෝ,Novel,0,0,1
9786245673230,ගිනියම් හස්තයක්,සමා ආරච්චි,සිතුවිලි Publication,Novel,1,0,1
9786249970441,සැඩ මාරුත,සමා ආරච්චි,කර්තෘ ප්‍රකාශනයකි,Novel,1,0,1
9786246749033,ගෙජ්ජි,සමීර ඒකනායක,ග්‍රන්ථ ප්‍රකාශන,Novel,2,0,1
9786245572328,ඇබිනෝල්,සමීර මධුසංක වන්නිආරච්චි,ග්‍රන්ථ ප්‍රකාශන,Novel,1,0,1
9786246417109,ආදරෙයි උතුරන්න,සමෝදි බණ්ඩාර,රස කථා ප්‍රකාශන,Other,1,0,1
9786249955165,ගිනිමල් ඉම,සිතුමිණි පළිපාණ,කර්තෘ ප්‍රකාශනයකි,Novel,3,0,1
9786249955127,සහරාවේ මල්,සිතුමිණි පළිපාණ,කර්තෘ ප්‍රකාශනයකි,Novel,5,0,1
9786246596125,අඩැසි සඳ,සිතූ සිතුවිලි,නොහඳුනන්නි,Novel,2,0,1
9786245558223,අහසක් නුඹ මට,සිතූ සිතුවිලි,නොහඳුනන්නි,Novel,1,0,1
9786245558605,විසිරූ මල් පෙති,සිතූ සිතුවිලි,නොහඳුනන්නි,Novel,2,0,1
9786245558612,විසිරූ මල් පෙති - 2,සිතූ සිතුවිලි,නොහඳුනන්නි,Novel,2,0,1
9786245558674,ශ්වේත මීදුම,සිතූ සිතුවිලි,නොහඳුනන්නි,Novel,2,0,1
9786246679095,වසන්තය යලි ඇවිත් රහසින්,සිද්ධංගනී ගමකුමාර,Storyflix,Novel,42,0,1
9786246596095,දූලි පොළොවක පිපී,සුජා මෙත්තානන්ද,නොහඳුනන්නි,Novel,0,0,1
9786245673216,අවසන් සංස්කරණය සහ තවත් කතා,සුජාතා මැණිකේ ඉහළගෙදර,සිතුවිලි Publication,Short Stories,3,0,1
9789553727534,ටිකිරි බණ්ඩා සහ සුපිරි බණ්ඩා,සුදත් මාන්නප්පෙරුම,මියුසස් ප්‍රකාශන,Novel,1,0,1
9786245638925,ගයිගර් දුටු ලංකාව,සුදන්තක පී විජේතුංග,සූරිය ප්‍රකාශකයෝ,Other,1,0,1
9789553129062,ළමුතු අමයා,සුරත් ද මැල්,සරසවි ප්‍රකාශකයෝ,Novel,1,0,1
9786245584413,කාන්දම් දෑස්,සුලක්ෂනා ධීරසේකර,සදමාධවී ප්‍රකාශකයෝ,Novel,2,0,1
9786245584475,දුඹුරු තඹරු,සුලක්ෂනා ධීරසේකර,සදමාධවී ප්‍රකාශකයෝ,Novel,4,0,1
9786245797127,නුරා මාරුතේ,සුලක්ෂනා ධීරසේකර,බටහිර අහස,Novel,3,0,1
9786245579525,සිංහ සෙයියාව,සේපාල් මායාදුන්නේ,මියුසස් ප්‍රකාශන,Novel,1,0,1
9786245519552,හදසර,සොනාලි ප්‍රේමරත්න,ආශිර්වාද ප්‍රකාශකයෝ,Novel,1,0,1
9786245572824,පෘථිවි,හර්ෂ මල්ලව ආරච්චි,ග්‍රන්ථ ප්‍රකාශන,Novel,1,0,1
9786245572564,මතක,හර්ෂ මල්ලව ආරච්චි,ග්‍රන්ථ ප්‍රකාශන,Other,1,0,1
9786246679231,තාමරෙයි මලර්,හසන්ති තුඩුහේන,Storyflix,Novel,45,0,1
9789553129741,නොලද ප්‍රේමය අලංකාරයි,හිරු සදු තරු මුතු මද්දුම ආරච්චි,සරසවි ප්‍රකාශකයෝ,Novel,2,0,1